#,TCGA ID,,,
1,TCGA-2J-AAB1-01A-11D-A40Y-05,,,
2,TCGA-2J-AAB4-01A-12D-A40Y-05,,,
3,TCGA-2J-AAB6-01A-11D-A40Y-05,,,
4,TCGA-2J-AAB8-01A-12D-A40Y-05,,,
5,TCGA-2J-AAB9-01A-11D-A40Y-05,,,
6,TCGA-2J-AABA-01A-21D-A40Y-05,,,
7,TCGA-2J-AABE-01A-12D-A40Y-05,,,
8,TCGA-2J-AABF-01A-31D-A40Y-05,,,
9,TCGA-2J-AABH-01A-21D-A40Y-05,,,
10,TCGA-2J-AABI-01A-12D-A40Y-05,,,
11,TCGA-2J-AABK-01A-31D-A40Y-05,,,
12,TCGA-2J-AABO-01A-21D-A40Y-05,,,
13,TCGA-2J-AABP-01A-11D-A40Y-05,,,
14,TCGA-2J-AABR-01A-11D-A40Y-05,,,
15,TCGA-2J-AABT-01A-11D-A40Y-05,,,
16,TCGA-2J-AABU-01A-11D-A40Y-05,,,
17,TCGA-2J-AABV-01A-12D-A40Y-05,,,
18,TCGA-2L-AAQA-01A-21D-A38H-05,,,
19,TCGA-2L-AAQE-01A-11D-A398-05,,,
20,TCGA-2L-AAQI-01A-12D-A398-05,,,
21,TCGA-2L-AAQJ-01A-12D-A398-05,,,
22,TCGA-2L-AAQL-01A-11D-A38H-05,,,
23,TCGA-2L-AAQM-01A-11D-A398-05,,,
24,TCGA-3A-A9I5-01A-11D-A38H-05,,,
25,TCGA-3A-A9I7-01A-21D-A38H-05,,,
26,TCGA-3A-A9I9-01A-11D-A38H-05,,,
27,TCGA-3A-A9IB-01A-21D-A398-05,,,
28,TCGA-3A-A9IC-01A-11D-A38H-05,,,
29,TCGA-3A-A9IH-01A-12D-A398-05,,,
30,TCGA-3A-A9IJ-01A-11D-A398-05,,,
31,TCGA-3A-A9IL-01A-11D-A38H-05,,,
32,TCGA-3A-A9IN-01A-11D-A398-05,,,
33,TCGA-3A-A9IO-01A-11D-A38H-05,,,
34,TCGA-3A-A9IR-01A-11D-A38H-05,,,
35,TCGA-3A-A9IS-01A-21D-A398-05,,,
36,TCGA-3A-A9IU-01A-11D-A398-05,,,
37,TCGA-3A-A9IV-01A-11D-A40Y-05,,,
38,TCGA-3A-A9IX-01A-11D-A40Y-05,,,
39,TCGA-3A-A9IZ-01A-12D-A40Y-05,,,
40,TCGA-3A-A9J0-01A-11D-A40Y-05,,,
41,TCGA-3E-AAAY-01A-11D-A38H-05,,,
42,TCGA-3E-AAAZ-01A-11D-A38H-05,,,
43,TCGA-F2-6879-01A-11D-2157-05,,,
44,TCGA-F2-6880-01A-11D-2157-05,,,
45,TCGA-F2-7273-01A-11D-2157-05,,,
46,TCGA-F2-7276-01A-11D-2157-05,,,
47,TCGA-F2-A44G-01A-11D-A26Q-05,,,
48,TCGA-F2-A44H-01A-11D-A26Q-05,,,
49,TCGA-F2-A7TX-01A-33D-A38H-05,,,
50,TCGA-F2-A8YN-01A-11D-A378-05,,,
51,TCGA-FB-A4P5-01A-11D-A26Q-05,,,
52,TCGA-FB-A4P6-01A-12D-A26Q-05,,,
53,TCGA-FB-A545-01A-11D-A26Q-05,,,
54,TCGA-FB-A5VM-01A-11D-A32S-05,,,
55,TCGA-FB-A78T-01A-12D-A32S-05,,,
56,TCGA-FB-A7DR-01A-21D-A33U-05,,,
57,TCGA-FB-AAPP-01A-12D-A40Y-05,,,
58,TCGA-FB-AAPQ-01A-11D-A40Y-05,,,
59,TCGA-FB-AAPS-01A-12D-A398-05,,,
60,TCGA-FB-AAPU-01A-31D-A40Y-05,,,
61,TCGA-FB-AAPY-01A-11D-A40Y-05,,,
62,TCGA-FB-AAPZ-01A-11D-A40Y-05,,,
63,TCGA-FB-AAQ0-01A-31D-A40Y-05,,,
64,TCGA-FB-AAQ1-01A-12D-A40Y-05,,,
65,TCGA-FB-AAQ2-01A-31D-A40Y-05,,,
66,TCGA-FB-AAQ3-01A-11D-A40Y-05,,,
67,TCGA-FB-AAQ6-01A-11D-A40Y-05,,,
68,TCGA-FZ-5919-01A-11D-1744-05,,,
69,TCGA-FZ-5919-11A-02D-1744-05,,,
70,TCGA-FZ-5920-01A-11D-1744-05,,,
71,TCGA-FZ-5920-11A-01D-1744-05,,,
72,TCGA-FZ-5922-01A-11D-1744-05,,,
73,TCGA-FZ-5922-11A-01D-1744-05,,,
74,TCGA-FZ-5923-01A-12D-1744-05,,,
75,TCGA-FZ-5923-11A-01D-1744-05,,,
76,TCGA-FZ-5924-01A-13D-1744-05,,,
77,TCGA-FZ-5924-11A-01D-1744-05,,,
78,TCGA-FZ-5926-01A-11D-1744-05,,,
79,TCGA-FZ-5926-11A-01D-1744-05,,,
80,TCGA-H6-8124-01A-11D-2399-05,,,
81,TCGA-H6-8124-11A-01D-2399-05,,,
82,TCGA-H6-A45N-01A-11D-A26Q-05,,,
83,TCGA-H6-A45N-11A-12D-A26Q-05,,,
84,TCGA-H8-A6C1-01A-11D-A32S-05,,,
85,TCGA-HV-A5A3-01A-11D-A26Q-05,,,
86,TCGA-HV-A5A3-11A-11D-A26Q-05,,,
87,TCGA-HV-A5A4-01A-11D-A26Q-05,,,
88,TCGA-HV-A5A5-01A-11D-A26Q-05,,,
89,TCGA-HV-A5A6-01A-11D-A26Q-05,,,
90,TCGA-HV-A7OL-01A-11D-A33U-05,,,
91,TCGA-HV-A7OP-01A-11D-A33U-05,,,
92,TCGA-HV-AA8V-01A-11D-A40Y-05,,,
93,TCGA-HV-AA8X-01A-11D-A398-05,,,
94,TCGA-HZ-7289-01A-11D-2157-05,,,
95,TCGA-HZ-7918-01A-11D-2157-05,,,
96,TCGA-HZ-7919-01A-11D-2157-05,,,
97,TCGA-HZ-7920-01A-11D-2202-05,,,
98,TCGA-HZ-7922-01A-11D-2157-05,,,
99,TCGA-HZ-7923-01A-12D-2157-05,,,
100,TCGA-HZ-7924-01A-11D-2157-05,,,
101,TCGA-HZ-7925-01A-11D-2157-05,,,
102,TCGA-HZ-7926-01A-11D-2157-05,,,
103,TCGA-HZ-8001-01A-11D-2202-05,,,
104,TCGA-HZ-8002-01A-11D-2202-05,,,
105,TCGA-HZ-8003-01A-21D-2202-05,,,
106,TCGA-HZ-8005-01A-11D-2202-05,,,
107,TCGA-HZ-8315-01A-11D-2399-05,,,
108,TCGA-HZ-8317-01A-11D-2399-05,,,
109,TCGA-HZ-8519-01A-11D-2399-05,,,
110,TCGA-HZ-8636-01A-21D-2399-05,,,
111,TCGA-HZ-8637-01A-11D-2399-05,,,
112,TCGA-HZ-8638-01A-11D-2399-05,,,
113,TCGA-HZ-A49G-01A-11D-A26Q-05,,,
114,TCGA-HZ-A49H-01A-11D-A26Q-05,,,
115,TCGA-HZ-A49I-01A-12D-A26Q-05,,,
116,TCGA-HZ-A4BH-01A-11D-A26Q-05,,,
117,TCGA-HZ-A4BK-01A-11D-A26Q-05,,,
118,TCGA-HZ-A77O-01A-11D-A33U-05,,,
119,TCGA-HZ-A77P-01A-11D-A33U-05,,,
120,TCGA-HZ-A77Q-01A-11D-A368-05,,,
121,TCGA-HZ-A8P0-01A-11D-A368-05,,,
122,TCGA-HZ-A8P1-01A-11D-A378-05,,,
123,TCGA-HZ-A9TJ-01A-11D-A40Y-05,,,
124,TCGA-HZ-A9TJ-06A-11D-A40Y-05,,,
125,TCGA-IB-7644-01A-11D-2157-05,,,
126,TCGA-IB-7645-01A-22D-2202-05,,,
127,TCGA-IB-7646-01A-11D-2157-05,,,
128,TCGA-IB-7647-01A-11D-2157-05,,,
129,TCGA-IB-7649-01A-11D-2157-05,,,
130,TCGA-IB-7651-01A-11D-2157-05,,,
131,TCGA-IB-7652-01A-11D-2157-05,,,
132,TCGA-IB-7654-01A-11D-2157-05,,,
133,TCGA-IB-7885-01A-11D-2157-05,,,
134,TCGA-IB-7886-01A-11D-2157-05,,,
135,TCGA-IB-7887-01A-11D-2157-05,,,
136,TCGA-IB-7888-01A-11D-2157-05,,,
137,TCGA-IB-7889-01A-11D-2157-05,,,
138,TCGA-IB-7890-01A-12D-2202-05,,,
139,TCGA-IB-7891-01A-11D-2202-05,,,
140,TCGA-IB-7893-01A-11D-2202-05,,,
141,TCGA-IB-7897-01A-21D-2202-05,,,
142,TCGA-IB-8126-01A-11D-2399-05,,,
143,TCGA-IB-8127-01A-11D-2399-05,,,
144,TCGA-IB-A5SO-01A-11D-A32S-05,,,
145,TCGA-IB-A5SP-01A-11D-A32S-05,,,
146,TCGA-IB-A5SQ-01A-11D-A32S-05,,,
147,TCGA-IB-A5SS-01A-11D-A32S-05,,,
148,TCGA-IB-A5ST-01A-11D-A32S-05,,,
149,TCGA-IB-A6UF-01A-23D-A33U-05,,,
150,TCGA-IB-A6UG-01A-32D-A33U-05,,,
151,TCGA-IB-A7LX-01A-12D-A368-05,,,
152,TCGA-IB-A7M4-01A-11D-A368-05,,,
153,TCGA-IB-AAUM-01A-11D-A378-05,,,
154,TCGA-IB-AAUN-01A-12D-A38H-05,,,
155,TCGA-IB-AAUO-01A-12D-A38H-05,,,
156,TCGA-IB-AAUP-01A-11D-A378-05,,,
157,TCGA-IB-AAUQ-01A-22D-A40Y-05,,,
158,TCGA-IB-AAUR-01A-21D-A38H-05,,,
159,TCGA-IB-AAUS-01A-12D-A38H-05,,,
160,TCGA-IB-AAUT-01A-11D-A378-05,,,
161,TCGA-IB-AAUU-01A-11D-A378-05,,,
162,TCGA-IB-AAUV-01A-11D-A38H-05,,,
163,TCGA-IB-AAUW-01A-12D-A38H-05,,,
164,TCGA-L1-A7W4-01A-12D-A368-05,,,
165,TCGA-LB-A7SX-01A-11D-A33U-05,,,
166,TCGA-LB-A8F3-01A-11D-A368-05,,,
167,TCGA-LB-A9Q5-01A-11D-A398-05,,,
168,TCGA-M8-A5N4-01A-11D-A26Q-05,,,
169,TCGA-OE-A75W-01A-12D-A32S-05,,,
170,TCGA-PZ-A5RE-01A-11D-A32S-05,,,
171,TCGA-Q3-A5QY-01A-12D-A32S-05,,,
172,TCGA-Q3-AA2A-01A-11D-A378-05,,,
173,TCGA-RB-A7B8-01A-12D-A33U-05,,,
174,TCGA-RB-AA9M-01A-11D-A398-05,,,
175,TCGA-RL-AAAS-01A-32D-A398-05,,,
176,TCGA-S4-A8RM-01A-11D-A378-05,,,
177,TCGA-S4-A8RO-01A-12D-A378-05,,,
178,TCGA-S4-A8RP-01A-11D-A368-05,,,
179,TCGA-US-A774-01A-21D-A32S-05,,,
180,TCGA-US-A776-01A-13D-A33U-05,,,
181,TCGA-US-A779-01A-11D-A32S-05,,,
182,TCGA-US-A77E-01A-11D-A32S-05,,,
183,TCGA-US-A77G-01A-11D-A32S-05,,,
184,TCGA-US-A77J-01A-11D-A32S-05,,,
185,TCGA-XD-AAUG-01A-61D-A40Y-05,,,
186,TCGA-XD-AAUH-01A-42D-A40Y-05,,,
187,TCGA-XD-AAUI-01A-42D-A40Y-05,,,
188,TCGA-XD-AAUL-01A-21D-A398-05,,,
189,TCGA-XN-A8T3-01A-11D-A368-05,,,
190,TCGA-XN-A8T5-01A-12D-A368-05,,,
191,TCGA-YB-A89D-01A-12D-A368-05,,,
192,TCGA-YB-A89D-11A-11D-A368-05,,,
193,TCGA-YH-A8SY-01A-11D-A378-05,,,
194,TCGA-YY-A8LH-01A-11D-A368-05,,,
195,TCGA-Z5-AAPL-01A-12D-A40Y-05,,,